Tamanho ,Compara��es ,Trocas ,Tempo(ms) ,M    ,TempoM(ms)
   1000 ,     499500 ,   500 ,        2 ,   0 ,         4
   1000 ,     499500 ,   500 ,        2 ,   1 ,         3
   1000 ,     499500 ,   500 ,        0 ,   2 ,         1
   1000 ,     499500 ,   500 ,        0 ,   3 ,         1
   1000 ,     499498 ,   500 ,        0 ,   4 ,         1
   1000 ,     499500 ,   501 ,        0 ,   5 ,         1
   1000 ,     499496 ,   501 ,        0 ,   6 ,         1
   1000 ,     499500 ,   502 ,        0 ,   7 ,         1
   1000 ,     499494 ,   502 ,        0 ,   8 ,         1
   1000 ,     499500 ,   503 ,        0 ,   9 ,         1
   1000 ,     499492 ,   503 ,        0 ,  10 ,         1
   1000 ,     499500 ,   504 ,        0 ,  11 ,         1
   1000 ,     499490 ,   504 ,        0 ,  12 ,         1
   1000 ,     499500 ,   505 ,        0 ,  13 ,         1
   1000 ,     499488 ,   505 ,        0 ,  14 ,         1
   1000 ,     499500 ,   506 ,        0 ,  15 ,         1
   1000 ,     499486 ,   506 ,        0 ,  16 ,         1
   1000 ,     499500 ,   507 ,        0 ,  17 ,         0
   1000 ,     499484 ,   507 ,        0 ,  18 ,         1
   1000 ,     499500 ,   508 ,        0 ,  19 ,         1
   1000 ,     499482 ,   508 ,        0 ,  20 ,         1
   1000 ,     499500 ,   509 ,        0 ,  21 ,         1
   1000 ,     499480 ,   509 ,        0 ,  22 ,         1
   1000 ,     499500 ,   510 ,        0 ,  23 ,         1
   1000 ,     499478 ,   510 ,        0 ,  24 ,         1
   1000 ,     499500 ,   511 ,        0 ,  25 ,         1
   1000 ,     499476 ,   511 ,        0 ,  26 ,         1
   1000 ,     499500 ,   512 ,        0 ,  27 ,         1
   1000 ,     499474 ,   512 ,        0 ,  28 ,         1
   1000 ,     499500 ,   513 ,        0 ,  29 ,         1
   1000 ,     499472 ,   513 ,        0 ,  30 ,         0
   1000 ,     499500 ,   514 ,        0 ,  31 ,         0
   1000 ,     499470 ,   514 ,        0 ,  32 ,         0
   1000 ,     499500 ,   515 ,        0 ,  33 ,         1
   1000 ,     499468 ,   515 ,        0 ,  34 ,         1
   1000 ,     499500 ,   516 ,        0 ,  35 ,         0
   1000 ,     499466 ,   516 ,        0 ,  36 ,         0
   1000 ,     499500 ,   517 ,        0 ,  37 ,         0
   1000 ,     499464 ,   517 ,        0 ,  38 ,         0
   1000 ,     499500 ,   518 ,        0 ,  39 ,         0
   1000 ,     499462 ,   518 ,        0 ,  40 ,         0
   1000 ,     499500 ,   519 ,        0 ,  41 ,         0
   1000 ,     499460 ,   519 ,        0 ,  42 ,         0
   1000 ,     499500 ,   520 ,        0 ,  43 ,         0
   1000 ,     499458 ,   520 ,        0 ,  44 ,         1
   1000 ,     499500 ,   521 ,        0 ,  45 ,         0
   1000 ,     499456 ,   521 ,        0 ,  46 ,         0
   1000 ,     499500 ,   522 ,        0 ,  47 ,         0
   1000 ,     499454 ,   522 ,        0 ,  48 ,         0
   1000 ,     499500 ,   523 ,        0 ,  49 ,         2
   1000 ,     499452 ,   523 ,        0 ,  50 ,         0
   1000 ,     499500 ,   524 ,        0 ,  51 ,         0
   1000 ,     499450 ,   524 ,        0 ,  52 ,         0
   1000 ,     499500 ,   525 ,        0 ,  53 ,         0
   1000 ,     499448 ,   525 ,        0 ,  54 ,         0
   1000 ,     499500 ,   526 ,        0 ,  55 ,         1
   1000 ,     499446 ,   526 ,        0 ,  56 ,         0
   1000 ,     499500 ,   527 ,        0 ,  57 ,         0
   1000 ,     499444 ,   527 ,        0 ,  58 ,         0
   1000 ,     499500 ,   528 ,        0 ,  59 ,         1
   1000 ,     499442 ,   528 ,        0 ,  60 ,         1
   1000 ,     499500 ,   529 ,        0 ,  61 ,         0
   1000 ,     499440 ,   529 ,        0 ,  62 ,         0
   1000 ,     499500 ,   530 ,        0 ,  63 ,         0
   1000 ,     499438 ,   530 ,        0 ,  64 ,         0
   1000 ,     499500 ,   531 ,        0 ,  65 ,         0
   1000 ,     499436 ,   531 ,        0 ,  66 ,         0
   1000 ,     499500 ,   532 ,        0 ,  67 ,         1
   1000 ,     499434 ,   532 ,        0 ,  68 ,         1
   1000 ,     499500 ,   533 ,        0 ,  69 ,         0
   1000 ,     499432 ,   533 ,        0 ,  70 ,         0
   1000 ,     499500 ,   534 ,        0 ,  71 ,         0
   1000 ,     499430 ,   534 ,        0 ,  72 ,         0
   1000 ,     499500 ,   535 ,        0 ,  73 ,         0
   1000 ,     499428 ,   535 ,        0 ,  74 ,         0
   1000 ,     499500 ,   536 ,        0 ,  75 ,         0
   1000 ,     499426 ,   536 ,        0 ,  76 ,         1
   1000 ,     499500 ,   537 ,        0 ,  77 ,         0
   1000 ,     499424 ,   537 ,        0 ,  78 ,         0
   1000 ,     499500 ,   538 ,        0 ,  79 ,         0
   1000 ,     499422 ,   538 ,        0 ,  80 ,         0
   1000 ,     499500 ,   539 ,        0 ,  81 ,         0
   1000 ,     499420 ,   539 ,        0 ,  82 ,         0
   1000 ,     499500 ,   540 ,        0 ,  83 ,         0
   1000 ,     499418 ,   540 ,        0 ,  84 ,         0
   1000 ,     499500 ,   541 ,        0 ,  85 ,         0
   1000 ,     499416 ,   541 ,        0 ,  86 ,         0
   1000 ,     499500 ,   542 ,        0 ,  87 ,         0
   1000 ,     499414 ,   542 ,        0 ,  88 ,         0
   1000 ,     499500 ,   543 ,        0 ,  89 ,         0
   1000 ,     499412 ,   543 ,        0 ,  90 ,         0
   1000 ,     499500 ,   544 ,        0 ,  91 ,         0
   1000 ,     499410 ,   544 ,        0 ,  92 ,         0
   1000 ,     499500 ,   545 ,        0 ,  93 ,         0
   1000 ,     499408 ,   545 ,        0 ,  94 ,         0
   1000 ,     499500 ,   546 ,        0 ,  95 ,         0
   1000 ,     499406 ,   546 ,        0 ,  96 ,         0
   1000 ,     499500 ,   547 ,        0 ,  97 ,         0
   1000 ,     499404 ,   547 ,        0 ,  98 ,         0
   1000 ,     499500 ,   548 ,        0 ,  99 ,         0
   1000 ,     499402 ,   548 ,        0 , 100 ,         0
   1000 ,     499500 ,   549 ,        0 , 101 ,         1
   1000 ,     499400 ,   549 ,        0 , 102 ,         1
   1000 ,     499500 ,   550 ,        0 , 103 ,         0
   1000 ,     499398 ,   550 ,        0 , 104 ,         1
   1000 ,     499500 ,   551 ,        0 , 105 ,         0
   1000 ,     499396 ,   551 ,        0 , 106 ,         0
   1000 ,     499500 ,   552 ,        0 , 107 ,         0
   1000 ,     499394 ,   552 ,        0 , 108 ,         1
   1000 ,     499500 ,   553 ,        0 , 109 ,         1
   1000 ,     499392 ,   553 ,        0 , 110 ,         0
   1000 ,     499500 ,   554 ,        0 , 111 ,         0
   1000 ,     499390 ,   554 ,        0 , 112 ,         0
   1000 ,     499500 ,   555 ,        0 , 113 ,         0
   1000 ,     499388 ,   555 ,        0 , 114 ,         1
   1000 ,     499500 ,   556 ,        0 , 115 ,         1
   1000 ,     499386 ,   556 ,        0 , 116 ,         1
   1000 ,     499500 ,   557 ,        0 , 117 ,         1
   1000 ,     499384 ,   557 ,        0 , 118 ,         0
   1000 ,     499500 ,   558 ,        0 , 119 ,         1
   1000 ,     499382 ,   558 ,        0 , 120 ,         0
   1000 ,     499500 ,   559 ,        0 , 121 ,         0
   1000 ,     499380 ,   559 ,        0 , 122 ,         0
   1000 ,     499500 ,   560 ,        0 , 123 ,         1
   1000 ,     499378 ,   560 ,        0 , 124 ,         1
   1000 ,     499500 ,   561 ,        0 , 125 ,         1
   1000 ,     499376 ,   561 ,        0 , 126 ,         0
   1000 ,     499500 ,   562 ,        0 , 127 ,         1
   1000 ,     499374 ,   562 ,        0 , 128 ,         0
   1000 ,     499500 ,   563 ,        0 , 129 ,         1
   1000 ,     499372 ,   563 ,        0 , 130 ,         1
   1000 ,     499500 ,   564 ,        0 , 131 ,         0
   1000 ,     499370 ,   564 ,        0 , 132 ,         0
   1000 ,     499500 ,   565 ,        0 , 133 ,         0
   1000 ,     499368 ,   565 ,        0 , 134 ,         0
   1000 ,     499500 ,   566 ,        0 , 135 ,         0
   1000 ,     499366 ,   566 ,        0 , 136 ,         0
   1000 ,     499500 ,   567 ,        0 , 137 ,         0
   1000 ,     499364 ,   567 ,        0 , 138 ,         0
   1000 ,     499500 ,   568 ,        0 , 139 ,         0
   1000 ,     499362 ,   568 ,        0 , 140 ,         0
   1000 ,     499500 ,   569 ,        0 , 141 ,         0
   1000 ,     499360 ,   569 ,        0 , 142 ,         0
   1000 ,     499500 ,   570 ,        0 , 143 ,         0
   1000 ,     499358 ,   570 ,        0 , 144 ,         0
   1000 ,     499500 ,   571 ,        0 , 145 ,         0
   1000 ,     499356 ,   571 ,        0 , 146 ,         1
   1000 ,     499500 ,   572 ,        0 , 147 ,         0
   1000 ,     499354 ,   572 ,        0 , 148 ,         0
   1000 ,     499500 ,   573 ,        0 , 149 ,         0
   1000 ,     499352 ,   573 ,        0 , 150 ,         0
   1000 ,     499500 ,   574 ,        0 , 151 ,         0
   1000 ,     499350 ,   574 ,        0 , 152 ,         0
   1000 ,     499500 ,   575 ,        0 , 153 ,         0
   1000 ,     499348 ,   575 ,        0 , 154 ,         0
   1000 ,     499500 ,   576 ,        0 , 155 ,         0
   1000 ,     499346 ,   576 ,        0 , 156 ,         0
   1000 ,     499500 ,   577 ,        0 , 157 ,         1
   1000 ,     499344 ,   577 ,        0 , 158 ,         0
   1000 ,     499500 ,   578 ,        0 , 159 ,         0
   1000 ,     499342 ,   578 ,        0 , 160 ,         0
   1000 ,     499500 ,   579 ,        0 , 161 ,         0
   1000 ,     499340 ,   579 ,        0 , 162 ,         0
   1000 ,     499500 ,   580 ,        0 , 163 ,         0
   1000 ,     499338 ,   580 ,        0 , 164 ,         0
   1000 ,     499500 ,   581 ,        0 , 165 ,         0
   1000 ,     499336 ,   581 ,        0 , 166 ,         0
   1000 ,     499500 ,   582 ,        0 , 167 ,         0
   1000 ,     499334 ,   582 ,        0 , 168 ,         0
   1000 ,     499500 ,   583 ,        0 , 169 ,         0
   1000 ,     499332 ,   583 ,        0 , 170 ,         0
   1000 ,     499500 ,   584 ,        0 , 171 ,         0
   1000 ,     499330 ,   584 ,        0 , 172 ,         0
   1000 ,     499500 ,   585 ,        0 , 173 ,         0
   1000 ,     499328 ,   585 ,        0 , 174 ,         0
   1000 ,     499500 ,   586 ,        0 , 175 ,         0
   1000 ,     499326 ,   586 ,        0 , 176 ,         0
   1000 ,     499500 ,   587 ,        0 , 177 ,         0
   1000 ,     499324 ,   587 ,        0 , 178 ,         0
   1000 ,     499500 ,   588 ,        0 , 179 ,         0
   1000 ,     499322 ,   588 ,        0 , 180 ,         1
   1000 ,     499500 ,   589 ,        0 , 181 ,         0
   1000 ,     499320 ,   589 ,        0 , 182 ,         0
   1000 ,     499500 ,   590 ,        0 , 183 ,         0
   1000 ,     499318 ,   590 ,        0 , 184 ,         0
   1000 ,     499500 ,   591 ,        0 , 185 ,         0
   1000 ,     499316 ,   591 ,        0 , 186 ,         0
   1000 ,     499500 ,   592 ,        0 , 187 ,         0
   1000 ,     499314 ,   592 ,        0 , 188 ,         0
   1000 ,     499500 ,   593 ,        0 , 189 ,         0
   1000 ,     499312 ,   593 ,        0 , 190 ,         0
   1000 ,     499500 ,   594 ,        0 , 191 ,         0
   1000 ,     499310 ,   594 ,        0 , 192 ,         0
   1000 ,     499500 ,   595 ,        0 , 193 ,         0
   1000 ,     499308 ,   595 ,        0 , 194 ,         0
   1000 ,     499500 ,   596 ,        0 , 195 ,         0
   1000 ,     499306 ,   596 ,        0 , 196 ,         0
   1000 ,     499500 ,   597 ,        0 , 197 ,         0
   1000 ,     499304 ,   597 ,        0 , 198 ,         0
   1000 ,     499500 ,   598 ,        0 , 199 ,         0
   1000 ,     499302 ,   598 ,        0 , 200 ,         0
   1000 ,     499500 ,   599 ,        0 , 201 ,         0
   1000 ,     499300 ,   599 ,        0 , 202 ,         0
   1000 ,     499500 ,   600 ,        0 , 203 ,         0
   1000 ,     499298 ,   600 ,        0 , 204 ,         0
   1000 ,     499500 ,   601 ,        0 , 205 ,         0
   1000 ,     499296 ,   601 ,        0 , 206 ,         0
   1000 ,     499500 ,   602 ,        0 , 207 ,         0
   1000 ,     499294 ,   602 ,        0 , 208 ,         0
   1000 ,     499500 ,   603 ,        0 , 209 ,         0
   1000 ,     499292 ,   603 ,        0 , 210 ,         0
   1000 ,     499500 ,   604 ,        0 , 211 ,         0
   1000 ,     499290 ,   604 ,        0 , 212 ,         0
   1000 ,     499500 ,   605 ,        0 , 213 ,         0
   1000 ,     499288 ,   605 ,        0 , 214 ,         0
   1000 ,     499500 ,   606 ,        0 , 215 ,         0
   1000 ,     499286 ,   606 ,        0 , 216 ,         0
   1000 ,     499500 ,   607 ,        0 , 217 ,         0
   1000 ,     499284 ,   607 ,        0 , 218 ,         0
   1000 ,     499500 ,   608 ,        0 , 219 ,         0
   1000 ,     499282 ,   608 ,        0 , 220 ,         0
   1000 ,     499500 ,   609 ,        0 , 221 ,         0
   1000 ,     499280 ,   609 ,        0 , 222 ,         0
   1000 ,     499500 ,   610 ,        0 , 223 ,         0
   1000 ,     499278 ,   610 ,        0 , 224 ,         0
   1000 ,     499500 ,   611 ,        0 , 225 ,         6
   1000 ,     499276 ,   611 ,        0 , 226 ,         0
   1000 ,     499500 ,   612 ,        0 , 227 ,         0
   1000 ,     499274 ,   612 ,        0 , 228 ,         0
   1000 ,     499500 ,   613 ,        0 , 229 ,         0
   1000 ,     499272 ,   613 ,        0 , 230 ,         0
   1000 ,     499500 ,   614 ,        0 , 231 ,         0
   1000 ,     499270 ,   614 ,        0 , 232 ,         0
   1000 ,     499500 ,   615 ,        0 , 233 ,         0
   1000 ,     499268 ,   615 ,        0 , 234 ,         0
   1000 ,     499500 ,   616 ,        0 , 235 ,         0
   1000 ,     499266 ,   616 ,        0 , 236 ,         0
   1000 ,     499500 ,   617 ,        0 , 237 ,         0
   1000 ,     499264 ,   617 ,        0 , 238 ,         0
   1000 ,     499500 ,   618 ,        0 , 239 ,         0
   1000 ,     499262 ,   618 ,        0 , 240 ,         0
   1000 ,     499500 ,   619 ,        0 , 241 ,         0
   1000 ,     499260 ,   619 ,        0 , 242 ,         0
   1000 ,     499500 ,   620 ,        0 , 243 ,         0
   1000 ,     499258 ,   620 ,        0 , 244 ,         0
   1000 ,     499500 ,   621 ,        0 , 245 ,         0
   1000 ,     499256 ,   621 ,        0 , 246 ,         0
   1000 ,     499500 ,   622 ,        0 , 247 ,         0
   1000 ,     499254 ,   622 ,        0 , 248 ,         0
   1000 ,     499500 ,   623 ,        0 , 249 ,         0
   1000 ,     499252 ,   623 ,        0 , 250 ,         1
   1000 ,     499500 ,   624 ,        0 , 251 ,         0
   1000 ,     499250 ,   624 ,        0 , 252 ,         0
   1000 ,     499500 ,   625 ,        0 , 253 ,         0
   1000 ,     499248 ,   625 ,        0 , 254 ,         0
   1000 ,     499500 ,   626 ,        0 , 255 ,         0
   1000 ,     499246 ,   626 ,        0 , 256 ,         0
   1000 ,     499500 ,   627 ,        0 , 257 ,         0
   1000 ,     499244 ,   627 ,        0 , 258 ,         0
   1000 ,     499500 ,   628 ,        0 , 259 ,         0
   1000 ,     499242 ,   628 ,        0 , 260 ,         0
   1000 ,     499500 ,   629 ,        0 , 261 ,         0
   1000 ,     499240 ,   629 ,        0 , 262 ,         0
   1000 ,     499500 ,   630 ,        0 , 263 ,         0
   1000 ,     499238 ,   630 ,        0 , 264 ,         0
   1000 ,     499500 ,   631 ,        0 , 265 ,         0
   1000 ,     499236 ,   631 ,        0 , 266 ,         0
   1000 ,     499500 ,   632 ,        0 , 267 ,         0
   1000 ,     499234 ,   632 ,        0 , 268 ,         1
   1000 ,     499500 ,   633 ,        0 , 269 ,         0
   1000 ,     499232 ,   633 ,        0 , 270 ,         0
   1000 ,     499500 ,   634 ,        0 , 271 ,         0
   1000 ,     499230 ,   634 ,        0 , 272 ,         0
   1000 ,     499500 ,   635 ,        0 , 273 ,         0
   1000 ,     499228 ,   635 ,        0 , 274 ,         0
   1000 ,     499500 ,   636 ,        0 , 275 ,         0
   1000 ,     499226 ,   636 ,        0 , 276 ,         0
   1000 ,     499500 ,   637 ,        0 , 277 ,         0
   1000 ,     499224 ,   637 ,        0 , 278 ,         0
   1000 ,     499500 ,   638 ,        0 , 279 ,         0
   1000 ,     499222 ,   638 ,        0 , 280 ,         0
   1000 ,     499500 ,   639 ,        0 , 281 ,         0
   1000 ,     499220 ,   639 ,        0 , 282 ,         0
   1000 ,     499500 ,   640 ,        0 , 283 ,         0
   1000 ,     499218 ,   640 ,        0 , 284 ,         0
   1000 ,     499500 ,   641 ,        0 , 285 ,         0
   1000 ,     499216 ,   641 ,        0 , 286 ,         0
   1000 ,     499500 ,   642 ,        0 , 287 ,         0
   1000 ,     499214 ,   642 ,        0 , 288 ,         0
   1000 ,     499500 ,   643 ,        0 , 289 ,         0
   1000 ,     499212 ,   643 ,        0 , 290 ,         0
   1000 ,     499500 ,   644 ,        0 , 291 ,         0
   1000 ,     499210 ,   644 ,        0 , 292 ,         0
   1000 ,     499500 ,   645 ,        0 , 293 ,         0
   1000 ,     499208 ,   645 ,        0 , 294 ,         0
   1000 ,     499500 ,   646 ,        0 , 295 ,         0
   1000 ,     499206 ,   646 ,        0 , 296 ,         0
   1000 ,     499500 ,   647 ,        0 , 297 ,         0
   1000 ,     499204 ,   647 ,        0 , 298 ,         0
   1000 ,     499500 ,   648 ,        0 , 299 ,         0
   1000 ,     499202 ,   648 ,        0 , 300 ,         0
   1000 ,     499500 ,   649 ,        0 , 301 ,         0
   1000 ,     499200 ,   649 ,        0 , 302 ,         0
   1000 ,     499500 ,   650 ,        0 , 303 ,         0
   1000 ,     499198 ,   650 ,        0 , 304 ,         0
   1000 ,     499500 ,   651 ,        0 , 305 ,         0
   1000 ,     499196 ,   651 ,        0 , 306 ,         0
   1000 ,     499500 ,   652 ,        0 , 307 ,         0
   1000 ,     499194 ,   652 ,        0 , 308 ,         0
   1000 ,     499500 ,   653 ,        0 , 309 ,         0
   1000 ,     499192 ,   653 ,        0 , 310 ,         0
   1000 ,     499500 ,   654 ,        0 , 311 ,         0
   1000 ,     499190 ,   654 ,        0 , 312 ,         0
   1000 ,     499500 ,   655 ,        0 , 313 ,         0
   1000 ,     499188 ,   655 ,        0 , 314 ,         0
   1000 ,     499500 ,   656 ,        0 , 315 ,         0
   1000 ,     499186 ,   656 ,        0 , 316 ,         0
   1000 ,     499500 ,   657 ,        0 , 317 ,         0
   1000 ,     499184 ,   657 ,        0 , 318 ,         1
   1000 ,     499500 ,   658 ,        0 , 319 ,         0
   1000 ,     499182 ,   658 ,        0 , 320 ,         0
   1000 ,     499500 ,   659 ,        0 , 321 ,         0
   1000 ,     499180 ,   659 ,        0 , 322 ,         1
   1000 ,     499500 ,   660 ,        0 , 323 ,         1
   1000 ,     499178 ,   660 ,        0 , 324 ,         0
   1000 ,     499500 ,   661 ,        0 , 325 ,         0
   1000 ,     499176 ,   661 ,        0 , 326 ,         0
   1000 ,     499500 ,   662 ,        0 , 327 ,         0
   1000 ,     499174 ,   662 ,        0 , 328 ,         0
   1000 ,     499500 ,   663 ,        0 , 329 ,         0
   1000 ,     499172 ,   663 ,        0 , 330 ,         0
   1000 ,     499500 ,   664 ,        0 , 331 ,         1
   1000 ,     499170 ,   664 ,        0 , 332 ,         0
   1000 ,     499500 ,   665 ,        0 , 333 ,         0
   1000 ,     499168 ,   665 ,        0 , 334 ,         0
   1000 ,     499500 ,   666 ,        0 , 335 ,         0
   1000 ,     499166 ,   666 ,        0 , 336 ,         0
   1000 ,     499500 ,   667 ,        0 , 337 ,         0
   1000 ,     499164 ,   667 ,        0 , 338 ,         0
   1000 ,     499500 ,   668 ,        0 , 339 ,         0
   1000 ,     499162 ,   668 ,        0 , 340 ,         0
   1000 ,     499500 ,   669 ,        0 , 341 ,         1
   1000 ,     499160 ,   669 ,        0 , 342 ,         0
   1000 ,     499500 ,   670 ,        0 , 343 ,         0
   1000 ,     499158 ,   670 ,        0 , 344 ,         0
   1000 ,     499500 ,   671 ,        0 , 345 ,         0
   1000 ,     499156 ,   671 ,        0 , 346 ,         0
   1000 ,     499500 ,   672 ,        0 , 347 ,         0
   1000 ,     499154 ,   672 ,        0 , 348 ,         0
   1000 ,     499500 ,   673 ,        0 , 349 ,         0
   1000 ,     499152 ,   673 ,        0 , 350 ,         1
   1000 ,     499500 ,   674 ,        0 , 351 ,         0
   1000 ,     499150 ,   674 ,        0 , 352 ,         0
   1000 ,     499500 ,   675 ,        0 , 353 ,         0
   1000 ,     499148 ,   675 ,        0 , 354 ,         0
   1000 ,     499500 ,   676 ,        0 , 355 ,         0
   1000 ,     499146 ,   676 ,        0 , 356 ,         0
   1000 ,     499500 ,   677 ,        0 , 357 ,         0
   1000 ,     499144 ,   677 ,        0 , 358 ,         0
   1000 ,     499500 ,   678 ,        0 , 359 ,         0
   1000 ,     499142 ,   678 ,        0 , 360 ,         0
   1000 ,     499500 ,   679 ,        0 , 361 ,         0
   1000 ,     499140 ,   679 ,        0 , 362 ,         0
   1000 ,     499500 ,   680 ,        0 , 363 ,         0
   1000 ,     499138 ,   680 ,        0 , 364 ,         0
   1000 ,     499500 ,   681 ,        0 , 365 ,         0
   1000 ,     499136 ,   681 ,        0 , 366 ,         0
   1000 ,     499500 ,   682 ,        0 , 367 ,         0
   1000 ,     499134 ,   682 ,        0 , 368 ,         0
   1000 ,     499500 ,   683 ,        0 , 369 ,         0
   1000 ,     499132 ,   683 ,        0 , 370 ,         0
   1000 ,     499500 ,   684 ,        0 , 371 ,         0
   1000 ,     499130 ,   684 ,        0 , 372 ,         0
   1000 ,     499500 ,   685 ,        0 , 373 ,         0
   1000 ,     499128 ,   685 ,        0 , 374 ,         0
   1000 ,     499500 ,   686 ,        0 , 375 ,         0
   1000 ,     499126 ,   686 ,        0 , 376 ,         0
   1000 ,     499500 ,   687 ,        0 , 377 ,         0
   1000 ,     499124 ,   687 ,        0 , 378 ,         0
   1000 ,     499500 ,   688 ,        0 , 379 ,         0
   1000 ,     499122 ,   688 ,        0 , 380 ,         0
   1000 ,     499500 ,   689 ,        0 , 381 ,         0
   1000 ,     499120 ,   689 ,        0 , 382 ,         0
   1000 ,     499500 ,   690 ,        0 , 383 ,         0
   1000 ,     499118 ,   690 ,        0 , 384 ,         0
   1000 ,     499500 ,   691 ,        0 , 385 ,         1
   1000 ,     499116 ,   691 ,        0 , 386 ,         0
   1000 ,     499500 ,   692 ,        0 , 387 ,         0
   1000 ,     499114 ,   692 ,        0 , 388 ,         0
   1000 ,     499500 ,   693 ,        0 , 389 ,         0
   1000 ,     499112 ,   693 ,        0 , 390 ,         0
   1000 ,     499500 ,   694 ,        0 , 391 ,         0
   1000 ,     499110 ,   694 ,        0 , 392 ,         0
   1000 ,     499500 ,   695 ,        0 , 393 ,         0
   1000 ,     499108 ,   695 ,        0 , 394 ,         0
   1000 ,     499500 ,   696 ,        0 , 395 ,         0
   1000 ,     499106 ,   696 ,        0 , 396 ,         0
   1000 ,     499500 ,   697 ,        0 , 397 ,         0
   1000 ,     499104 ,   697 ,        0 , 398 ,         0
   1000 ,     499500 ,   698 ,        0 , 399 ,         0
   1000 ,     499102 ,   698 ,        0 , 400 ,         0
   1000 ,     499500 ,   699 ,        0 , 401 ,         0
   1000 ,     499100 ,   699 ,        0 , 402 ,         0
   1000 ,     499500 ,   700 ,        0 , 403 ,         0
   1000 ,     499098 ,   700 ,        0 , 404 ,         0
   1000 ,     499500 ,   701 ,        0 , 405 ,         0
   1000 ,     499096 ,   701 ,        0 , 406 ,         0
   1000 ,     499500 ,   702 ,        0 , 407 ,         0
   1000 ,     499094 ,   702 ,        0 , 408 ,         0
   1000 ,     499500 ,   703 ,        0 , 409 ,         0
   1000 ,     499092 ,   703 ,        0 , 410 ,         0
   1000 ,     499500 ,   704 ,        0 , 411 ,         0
   1000 ,     499090 ,   704 ,        0 , 412 ,         0
   1000 ,     499500 ,   705 ,        0 , 413 ,         0
   1000 ,     499088 ,   705 ,        0 , 414 ,         0
   1000 ,     499500 ,   706 ,        0 , 415 ,         0
   1000 ,     499086 ,   706 ,        0 , 416 ,         0
   1000 ,     499500 ,   707 ,        0 , 417 ,         0
   1000 ,     499084 ,   707 ,        0 , 418 ,         0
   1000 ,     499500 ,   708 ,        0 , 419 ,         0
   1000 ,     499082 ,   708 ,        0 , 420 ,         0
   1000 ,     499500 ,   709 ,        0 , 421 ,         0
   1000 ,     499080 ,   709 ,        0 , 422 ,         0
   1000 ,     499500 ,   710 ,        0 , 423 ,         0
   1000 ,     499078 ,   710 ,        0 , 424 ,         0
   1000 ,     499500 ,   711 ,        0 , 425 ,         0
   1000 ,     499076 ,   711 ,        0 , 426 ,         0
   1000 ,     499500 ,   712 ,        0 , 427 ,         0
   1000 ,     499074 ,   712 ,        0 , 428 ,         0
   1000 ,     499500 ,   713 ,        0 , 429 ,         0
   1000 ,     499072 ,   713 ,        0 , 430 ,         0
   1000 ,     499500 ,   714 ,        0 , 431 ,         0
   1000 ,     499070 ,   714 ,        0 , 432 ,         0
   1000 ,     499500 ,   715 ,        0 , 433 ,         0
   1000 ,     499068 ,   715 ,        0 , 434 ,         0
   1000 ,     499500 ,   716 ,        0 , 435 ,         0
   1000 ,     499066 ,   716 ,        0 , 436 ,         0
   1000 ,     499500 ,   717 ,        0 , 437 ,         0
   1000 ,     499064 ,   717 ,        0 , 438 ,         0
   1000 ,     499500 ,   718 ,        0 , 439 ,         0
   1000 ,     499062 ,   718 ,        0 , 440 ,         0
   1000 ,     499500 ,   719 ,        0 , 441 ,         0
   1000 ,     499060 ,   719 ,        0 , 442 ,         0
   1000 ,     499500 ,   720 ,        0 , 443 ,         0
   1000 ,     499058 ,   720 ,        0 , 444 ,         0
   1000 ,     499500 ,   721 ,        0 , 445 ,         0
   1000 ,     499056 ,   721 ,        0 , 446 ,         0
   1000 ,     499500 ,   722 ,        0 , 447 ,         0
   1000 ,     499054 ,   722 ,        0 , 448 ,         0
   1000 ,     499500 ,   723 ,        0 , 449 ,         0
   1000 ,     499052 ,   723 ,        0 , 450 ,         0
   1000 ,     499500 ,   724 ,        0 , 451 ,         0
   1000 ,     499050 ,   724 ,        0 , 452 ,         0
   1000 ,     499500 ,   725 ,        0 , 453 ,         0
   1000 ,     499048 ,   725 ,        0 , 454 ,         0
   1000 ,     499500 ,   726 ,        0 , 455 ,         0
   1000 ,     499046 ,   726 ,        0 , 456 ,         0
   1000 ,     499500 ,   727 ,        0 , 457 ,         0
   1000 ,     499044 ,   727 ,        0 , 458 ,         0
   1000 ,     499500 ,   728 ,        0 , 459 ,         0
   1000 ,     499042 ,   728 ,        0 , 460 ,         0
   1000 ,     499500 ,   729 ,        0 , 461 ,         0
   1000 ,     499040 ,   729 ,        0 , 462 ,         0
   1000 ,     499500 ,   730 ,        0 , 463 ,         0
   1000 ,     499038 ,   730 ,        0 , 464 ,         0
   1000 ,     499500 ,   731 ,        0 , 465 ,         0
   1000 ,     499036 ,   731 ,        0 , 466 ,         0
   1000 ,     499500 ,   732 ,        0 , 467 ,         0
   1000 ,     499034 ,   732 ,        0 , 468 ,         0
   1000 ,     499500 ,   733 ,        0 , 469 ,         0
   1000 ,     499032 ,   733 ,        0 , 470 ,         0
   1000 ,     499500 ,   734 ,        0 , 471 ,         3
   1000 ,     499030 ,   734 ,        0 , 472 ,         1
   1000 ,     499500 ,   735 ,        0 , 473 ,         1
   1000 ,     499028 ,   735 ,        0 , 474 ,         1
   1000 ,     499500 ,   736 ,        0 , 475 ,         1
   1000 ,     499026 ,   736 ,        0 , 476 ,         1
   1000 ,     499500 ,   737 ,        0 , 477 ,         1
   1000 ,     499024 ,   737 ,        0 , 478 ,         1
   1000 ,     499500 ,   738 ,        0 , 479 ,         1
   1000 ,     499022 ,   738 ,        0 , 480 ,         1
   1000 ,     499500 ,   739 ,        0 , 481 ,         1
   1000 ,     499020 ,   739 ,        0 , 482 ,         1
   1000 ,     499500 ,   740 ,        0 , 483 ,         1
   1000 ,     499018 ,   740 ,        0 , 484 ,         1
   1000 ,     499500 ,   741 ,        0 , 485 ,         0
   1000 ,     499016 ,   741 ,        0 , 486 ,         1
   1000 ,     499500 ,   742 ,        0 , 487 ,         1
   1000 ,     499014 ,   742 ,        0 , 488 ,         1
   1000 ,     499500 ,   743 ,        0 , 489 ,         0
   1000 ,     499012 ,   743 ,        0 , 490 ,         1
   1000 ,     499500 ,   744 ,        0 , 491 ,         0
   1000 ,     499010 ,   744 ,        0 , 492 ,         0
   1000 ,     499500 ,   745 ,        0 , 493 ,         1
   1000 ,     499008 ,   745 ,        0 , 494 ,         0
   1000 ,     499500 ,   746 ,        0 , 495 ,         0
   1000 ,     499006 ,   746 ,        0 , 496 ,         0
   1000 ,     499500 ,   747 ,        0 , 497 ,         0
   1000 ,     499004 ,   747 ,        0 , 498 ,         0
   1000 ,     499500 ,   748 ,        0 , 499 ,         0
   1000 ,     499002 ,   748 ,        0 , 500 ,         0
   1000 ,     499500 ,   749 ,        0 , 501 ,         0
   1000 ,     499000 ,   749 ,        0 , 502 ,         0
   1000 ,     499500 ,   750 ,        0 , 503 ,         0
   1000 ,     498998 ,   750 ,        0 , 504 ,         0
   1000 ,     499500 ,   751 ,        0 , 505 ,         0
   1000 ,     498996 ,   751 ,        0 , 506 ,         0
   1000 ,     499500 ,   752 ,        0 , 507 ,         0
   1000 ,     498994 ,   752 ,        0 , 508 ,         0
   1000 ,     499500 ,   753 ,        0 , 509 ,         0
   1000 ,     498992 ,   753 ,        0 , 510 ,         0
   1000 ,     499500 ,   754 ,        0 , 511 ,         0
   1000 ,     498990 ,   754 ,        0 , 512 ,         1
   1000 ,     499500 ,   755 ,        0 , 513 ,         1
   1000 ,     498988 ,   755 ,        0 , 514 ,         0
   1000 ,     499500 ,   756 ,        0 , 515 ,         0
   1000 ,     498986 ,   756 ,        0 , 516 ,         0
   1000 ,     499500 ,   757 ,        0 , 517 ,         0
   1000 ,     498984 ,   757 ,        0 , 518 ,         0
   1000 ,     499500 ,   758 ,        0 , 519 ,         0
   1000 ,     498982 ,   758 ,        0 , 520 ,         0
   1000 ,     499500 ,   759 ,        0 , 521 ,         0
   1000 ,     498980 ,   759 ,        0 , 522 ,         0
   1000 ,     499500 ,   760 ,        0 , 523 ,         0
   1000 ,     498978 ,   760 ,        0 , 524 ,         0
   1000 ,     499500 ,   761 ,        0 , 525 ,         0
   1000 ,     498976 ,   761 ,        0 , 526 ,         0
   1000 ,     499500 ,   762 ,        0 , 527 ,         0
   1000 ,     498974 ,   762 ,        0 , 528 ,         0
   1000 ,     499500 ,   763 ,        0 , 529 ,         0
   1000 ,     498972 ,   763 ,        0 , 530 ,         0
   1000 ,     499500 ,   764 ,        0 , 531 ,         0
   1000 ,     498970 ,   764 ,        0 , 532 ,         0
   1000 ,     499500 ,   765 ,        0 , 533 ,         0
   1000 ,     498968 ,   765 ,        0 , 534 ,         0
   1000 ,     499500 ,   766 ,        0 , 535 ,         0
   1000 ,     498966 ,   766 ,        0 , 536 ,         0
   1000 ,     499500 ,   767 ,        0 , 537 ,         0
   1000 ,     498964 ,   767 ,        0 , 538 ,         0
   1000 ,     499500 ,   768 ,        0 , 539 ,         0
   1000 ,     498962 ,   768 ,        0 , 540 ,         0
   1000 ,     499500 ,   769 ,        0 , 541 ,         1
   1000 ,     498960 ,   769 ,        0 , 542 ,         0
   1000 ,     499500 ,   770 ,        0 , 543 ,         0
   1000 ,     498958 ,   770 ,        0 , 544 ,         0
   1000 ,     499500 ,   771 ,        0 , 545 ,         0
   1000 ,     498956 ,   771 ,        0 , 546 ,         0
   1000 ,     499500 ,   772 ,        0 , 547 ,         0
   1000 ,     498954 ,   772 ,        0 , 548 ,         0
   1000 ,     499500 ,   773 ,        0 , 549 ,         0
   1000 ,     498952 ,   773 ,        0 , 550 ,         0
   1000 ,     499500 ,   774 ,        0 , 551 ,         0
   1000 ,     498950 ,   774 ,        0 , 552 ,         0
   1000 ,     499500 ,   775 ,        0 , 553 ,         0
   1000 ,     498948 ,   775 ,        0 , 554 ,         0
   1000 ,     499500 ,   776 ,        0 , 555 ,         0
   1000 ,     498946 ,   776 ,        0 , 556 ,         0
   1000 ,     499500 ,   777 ,        0 , 557 ,         0
   1000 ,     498944 ,   777 ,        0 , 558 ,         0
   1000 ,     499500 ,   778 ,        0 , 559 ,         0
   1000 ,     498942 ,   778 ,        0 , 560 ,         0
   1000 ,     499500 ,   779 ,        0 , 561 ,         0
   1000 ,     498940 ,   779 ,        0 , 562 ,         0
   1000 ,     499500 ,   780 ,        0 , 563 ,         0
   1000 ,     498938 ,   780 ,        0 , 564 ,         0
   1000 ,     499500 ,   781 ,        0 , 565 ,         0
   1000 ,     498936 ,   781 ,        0 , 566 ,         0
   1000 ,     499500 ,   782 ,        0 , 567 ,         0
   1000 ,     498934 ,   782 ,        0 , 568 ,         0
   1000 ,     499500 ,   783 ,        0 , 569 ,         1
   1000 ,     498932 ,   783 ,        0 , 570 ,         0
   1000 ,     499500 ,   784 ,        0 , 571 ,         0
   1000 ,     498930 ,   784 ,        0 , 572 ,         0
   1000 ,     499500 ,   785 ,        0 , 573 ,         0
   1000 ,     498928 ,   785 ,        0 , 574 ,         0
   1000 ,     499500 ,   786 ,        0 , 575 ,         0
   1000 ,     498926 ,   786 ,        0 , 576 ,         0
   1000 ,     499500 ,   787 ,        0 , 577 ,         0
   1000 ,     498924 ,   787 ,        0 , 578 ,         0
   1000 ,     499500 ,   788 ,        0 , 579 ,         0
   1000 ,     498922 ,   788 ,        0 , 580 ,         0
   1000 ,     499500 ,   789 ,        0 , 581 ,         0
   1000 ,     498920 ,   789 ,        0 , 582 ,         0
   1000 ,     499500 ,   790 ,        0 , 583 ,         0
   1000 ,     498918 ,   790 ,        0 , 584 ,         0
   1000 ,     499500 ,   791 ,        0 , 585 ,         0
   1000 ,     498916 ,   791 ,        0 , 586 ,         0
   1000 ,     499500 ,   792 ,        0 , 587 ,         0
   1000 ,     498914 ,   792 ,        0 , 588 ,         1
   1000 ,     499500 ,   793 ,        0 , 589 ,         0
   1000 ,     498912 ,   793 ,        0 , 590 ,         0
   1000 ,     499500 ,   794 ,        0 , 591 ,         0
   1000 ,     498910 ,   794 ,        0 , 592 ,         0
   1000 ,     499500 ,   795 ,        0 , 593 ,         0
   1000 ,     498908 ,   795 ,        0 , 594 ,         0
   1000 ,     499500 ,   796 ,        0 , 595 ,         0
   1000 ,     498906 ,   796 ,        0 , 596 ,         0
   1000 ,     499500 ,   797 ,        0 , 597 ,         0
   1000 ,     498904 ,   797 ,        0 , 598 ,         0
   1000 ,     499500 ,   798 ,        0 , 599 ,         0
   1000 ,     498902 ,   798 ,        0 , 600 ,         0
   1000 ,     499500 ,   799 ,        0 , 601 ,         0
   1000 ,     498900 ,   799 ,        0 , 602 ,         0
   1000 ,     499500 ,   800 ,        0 , 603 ,         0
   1000 ,     498898 ,   800 ,        0 , 604 ,         0
   1000 ,     499500 ,   801 ,        0 , 605 ,         0
   1000 ,     498896 ,   801 ,        0 , 606 ,         0
   1000 ,     499500 ,   802 ,        0 , 607 ,         0
   1000 ,     498894 ,   802 ,        0 , 608 ,         0
   1000 ,     499500 ,   803 ,        0 , 609 ,         0
   1000 ,     498892 ,   803 ,        0 , 610 ,         0
   1000 ,     499500 ,   804 ,        0 , 611 ,         0
   1000 ,     498890 ,   804 ,        0 , 612 ,         0
   1000 ,     499500 ,   805 ,        0 , 613 ,         0
   1000 ,     498888 ,   805 ,        0 , 614 ,         0
   1000 ,     499500 ,   806 ,        0 , 615 ,         0
   1000 ,     498886 ,   806 ,        0 , 616 ,         0
   1000 ,     499500 ,   807 ,        0 , 617 ,         0
   1000 ,     498884 ,   807 ,        0 , 618 ,         0
   1000 ,     499500 ,   808 ,        0 , 619 ,         0
   1000 ,     498882 ,   808 ,        0 , 620 ,         0
   1000 ,     499500 ,   809 ,        0 , 621 ,         0
   1000 ,     498880 ,   809 ,        0 , 622 ,         0
   1000 ,     499500 ,   810 ,        0 , 623 ,         0
   1000 ,     498878 ,   810 ,        0 , 624 ,         0
   1000 ,     499500 ,   811 ,        0 , 625 ,         0
   1000 ,     498876 ,   811 ,        0 , 626 ,         0
   1000 ,     499500 ,   812 ,        0 , 627 ,         0
   1000 ,     498874 ,   812 ,        0 , 628 ,         0
   1000 ,     499500 ,   813 ,        0 , 629 ,         0
   1000 ,     498872 ,   813 ,        0 , 630 ,         0
   1000 ,     499500 ,   814 ,        0 , 631 ,         0
   1000 ,     498870 ,   814 ,        0 , 632 ,         0
   1000 ,     499500 ,   815 ,        0 , 633 ,         0
   1000 ,     498868 ,   815 ,        0 , 634 ,         0
   1000 ,     499500 ,   816 ,        0 , 635 ,         1
   1000 ,     498866 ,   816 ,        0 , 636 ,         0
   1000 ,     499500 ,   817 ,        0 , 637 ,         0
   1000 ,     498864 ,   817 ,        0 , 638 ,         0
   1000 ,     499500 ,   818 ,        0 , 639 ,         0
   1000 ,     498862 ,   818 ,        0 , 640 ,         0
   1000 ,     499500 ,   819 ,        0 , 641 ,         0
   1000 ,     498860 ,   819 ,        0 , 642 ,         0
   1000 ,     499500 ,   820 ,        0 , 643 ,         0
   1000 ,     498858 ,   820 ,        0 , 644 ,         0
   1000 ,     499500 ,   821 ,        0 , 645 ,         0
   1000 ,     498856 ,   821 ,        0 , 646 ,         0
   1000 ,     499500 ,   822 ,        0 , 647 ,         0
   1000 ,     498854 ,   822 ,        0 , 648 ,         0
   1000 ,     499500 ,   823 ,        0 , 649 ,         0
   1000 ,     498852 ,   823 ,        0 , 650 ,         0
   1000 ,     499500 ,   824 ,        0 , 651 ,         0
   1000 ,     498850 ,   824 ,        0 , 652 ,         0
   1000 ,     499500 ,   825 ,        0 , 653 ,         0
   1000 ,     498848 ,   825 ,        0 , 654 ,         0
   1000 ,     499500 ,   826 ,        0 , 655 ,         0
   1000 ,     498846 ,   826 ,        0 , 656 ,         0
   1000 ,     499500 ,   827 ,        0 , 657 ,         0
   1000 ,     498844 ,   827 ,        0 , 658 ,         0
   1000 ,     499500 ,   828 ,        0 , 659 ,         0
   1000 ,     498842 ,   828 ,        0 , 660 ,         0
   1000 ,     499500 ,   829 ,        0 , 661 ,         0
   1000 ,     498840 ,   829 ,        0 , 662 ,         0
   1000 ,     499500 ,   830 ,        0 , 663 ,         0
   1000 ,     498838 ,   830 ,        0 , 664 ,         0
   1000 ,     499500 ,   831 ,        0 , 665 ,         0
   1000 ,     498836 ,   831 ,        0 , 666 ,         0
   1000 ,     499500 ,   832 ,        0 , 667 ,         0
   1000 ,     498834 ,   832 ,        0 , 668 ,         0
   1000 ,     499500 ,   833 ,        0 , 669 ,         0
   1000 ,     498832 ,   833 ,        0 , 670 ,         0
   1000 ,     499500 ,   834 ,        0 , 671 ,         0
   1000 ,     498830 ,   834 ,        0 , 672 ,         0
   1000 ,     499500 ,   835 ,        0 , 673 ,         0
   1000 ,     498828 ,   835 ,        0 , 674 ,         0
   1000 ,     499500 ,   836 ,        0 , 675 ,         0
   1000 ,     498826 ,   836 ,        0 , 676 ,         0
   1000 ,     499500 ,   837 ,        0 , 677 ,         0
   1000 ,     498824 ,   837 ,        0 , 678 ,         0
   1000 ,     499500 ,   838 ,        0 , 679 ,         0
   1000 ,     498822 ,   838 ,        0 , 680 ,         0
   1000 ,     499500 ,   839 ,        0 , 681 ,         0
   1000 ,     498820 ,   839 ,        0 , 682 ,         0
   1000 ,     499500 ,   840 ,        0 , 683 ,         0
   1000 ,     498818 ,   840 ,        0 , 684 ,         0
   1000 ,     499500 ,   841 ,        0 , 685 ,         0
   1000 ,     498816 ,   841 ,        0 , 686 ,         0
   1000 ,     499500 ,   842 ,        0 , 687 ,         0
   1000 ,     498814 ,   842 ,        0 , 688 ,         0
   1000 ,     499500 ,   843 ,        0 , 689 ,         0
   1000 ,     498812 ,   843 ,        0 , 690 ,         0
   1000 ,     499500 ,   844 ,        0 , 691 ,         0
   1000 ,     498810 ,   844 ,        0 , 692 ,         0
   1000 ,     499500 ,   845 ,        0 , 693 ,         0
   1000 ,     498808 ,   845 ,        0 , 694 ,         0
   1000 ,     499500 ,   846 ,        0 , 695 ,         0
   1000 ,     498806 ,   846 ,        0 , 696 ,         0
   1000 ,     499500 ,   847 ,        0 , 697 ,         0
   1000 ,     498804 ,   847 ,        0 , 698 ,         0
   1000 ,     499500 ,   848 ,        0 , 699 ,         0
   1000 ,     498802 ,   848 ,        0 , 700 ,         0
   1000 ,     499500 ,   849 ,        0 , 701 ,         0
   1000 ,     498800 ,   849 ,        0 , 702 ,         0
   1000 ,     499500 ,   850 ,        0 , 703 ,         0
   1000 ,     498798 ,   850 ,        0 , 704 ,         0
   1000 ,     499500 ,   851 ,        0 , 705 ,         0
   1000 ,     498796 ,   851 ,        0 , 706 ,         0
   1000 ,     499500 ,   852 ,        0 , 707 ,         0
   1000 ,     498794 ,   852 ,        0 , 708 ,         0
   1000 ,     499500 ,   853 ,        0 , 709 ,         0
   1000 ,     498792 ,   853 ,        0 , 710 ,         0
   1000 ,     499500 ,   854 ,        0 , 711 ,         0
   1000 ,     498790 ,   854 ,        0 , 712 ,         0
   1000 ,     499500 ,   855 ,        0 , 713 ,         0
   1000 ,     498788 ,   855 ,        0 , 714 ,         0
   1000 ,     499500 ,   856 ,        0 , 715 ,         0
   1000 ,     498786 ,   856 ,        0 , 716 ,         0
   1000 ,     499500 ,   857 ,        0 , 717 ,         0
   1000 ,     498784 ,   857 ,        0 , 718 ,         0
   1000 ,     499500 ,   858 ,        0 , 719 ,         0
   1000 ,     498782 ,   858 ,        0 , 720 ,         0
   1000 ,     499500 ,   859 ,        0 , 721 ,         0
   1000 ,     498780 ,   859 ,        0 , 722 ,         0
   1000 ,     499500 ,   860 ,        0 , 723 ,         0
   1000 ,     498778 ,   860 ,        0 , 724 ,         0
   1000 ,     499500 ,   861 ,        0 , 725 ,         0
   1000 ,     498776 ,   861 ,        0 , 726 ,         0
   1000 ,     499500 ,   862 ,        0 , 727 ,         0
   1000 ,     498774 ,   862 ,        0 , 728 ,         0
   1000 ,     499500 ,   863 ,        0 , 729 ,         0
   1000 ,     498772 ,   863 ,        0 , 730 ,         0
   1000 ,     499500 ,   864 ,        0 , 731 ,         0
   1000 ,     498770 ,   864 ,        0 , 732 ,         0
   1000 ,     499500 ,   865 ,        0 , 733 ,         0
   1000 ,     498768 ,   865 ,        0 , 734 ,         0
   1000 ,     499500 ,   866 ,        0 , 735 ,         0
   1000 ,     498766 ,   866 ,        0 , 736 ,         0
   1000 ,     499500 ,   867 ,        0 , 737 ,         0
   1000 ,     498764 ,   867 ,        0 , 738 ,         0
   1000 ,     499500 ,   868 ,        0 , 739 ,         0
   1000 ,     498762 ,   868 ,        0 , 740 ,         0
   1000 ,     499500 ,   869 ,        0 , 741 ,         1
   1000 ,     498760 ,   869 ,        0 , 742 ,         0
   1000 ,     499500 ,   870 ,        0 , 743 ,         0
   1000 ,     498758 ,   870 ,        0 , 744 ,         0
   1000 ,     499500 ,   871 ,        0 , 745 ,         0
   1000 ,     498756 ,   871 ,        0 , 746 ,         1
   1000 ,     499500 ,   872 ,        0 , 747 ,         0
   1000 ,     498754 ,   872 ,        0 , 748 ,         0
   1000 ,     499500 ,   873 ,        0 , 749 ,         0
   1000 ,     498752 ,   873 ,        0 , 750 ,         0
   1000 ,     499500 ,   874 ,        0 , 751 ,         0
   1000 ,     498750 ,   874 ,        0 , 752 ,         0
   1000 ,     499500 ,   875 ,        0 , 753 ,         0
   1000 ,     498748 ,   875 ,        0 , 754 ,         0
   1000 ,     499500 ,   876 ,        0 , 755 ,         0
   1000 ,     498746 ,   876 ,        0 , 756 ,         0
   1000 ,     499500 ,   877 ,        0 , 757 ,         1
   1000 ,     498744 ,   877 ,        0 , 758 ,         0
   1000 ,     499500 ,   878 ,        0 , 759 ,         0
   1000 ,     498742 ,   878 ,        0 , 760 ,         0
   1000 ,     499500 ,   879 ,        0 , 761 ,         0
   1000 ,     498740 ,   879 ,        0 , 762 ,         0
   1000 ,     499500 ,   880 ,        0 , 763 ,         0
   1000 ,     498738 ,   880 ,        0 , 764 ,         0
   1000 ,     499500 ,   881 ,        0 , 765 ,         0
   1000 ,     498736 ,   881 ,        0 , 766 ,         0
   1000 ,     499500 ,   882 ,        0 , 767 ,         0
   1000 ,     498734 ,   882 ,        0 , 768 ,         0
   1000 ,     499500 ,   883 ,        0 , 769 ,         0
   1000 ,     498732 ,   883 ,        0 , 770 ,         0
   1000 ,     499500 ,   884 ,        0 , 771 ,         0
   1000 ,     498730 ,   884 ,        0 , 772 ,         0
   1000 ,     499500 ,   885 ,        0 , 773 ,         0
   1000 ,     498728 ,   885 ,        0 , 774 ,         0
   1000 ,     499500 ,   886 ,        0 , 775 ,         0
   1000 ,     498726 ,   886 ,        0 , 776 ,         0
   1000 ,     499500 ,   887 ,        0 , 777 ,         0
   1000 ,     498724 ,   887 ,        0 , 778 ,         0
   1000 ,     499500 ,   888 ,        0 , 779 ,         0
   1000 ,     498722 ,   888 ,        0 , 780 ,         0
   1000 ,     499500 ,   889 ,        0 , 781 ,         0
   1000 ,     498720 ,   889 ,        0 , 782 ,         0
   1000 ,     499500 ,   890 ,        0 , 783 ,         0
   1000 ,     498718 ,   890 ,        0 , 784 ,         0
   1000 ,     499500 ,   891 ,        0 , 785 ,         0
   1000 ,     498716 ,   891 ,        0 , 786 ,         0
   1000 ,     499500 ,   892 ,        0 , 787 ,         0
   1000 ,     498714 ,   892 ,        0 , 788 ,         0
   1000 ,     499500 ,   893 ,        0 , 789 ,         0
   1000 ,     498712 ,   893 ,        0 , 790 ,         0
   1000 ,     499500 ,   894 ,        0 , 791 ,         0
   1000 ,     498710 ,   894 ,        0 , 792 ,         0
   1000 ,     499500 ,   895 ,        0 , 793 ,         0
   1000 ,     498708 ,   895 ,        0 , 794 ,         0
   1000 ,     499500 ,   896 ,        0 , 795 ,         0
   1000 ,     498706 ,   896 ,        0 , 796 ,         0
   1000 ,     499500 ,   897 ,        0 , 797 ,         0
   1000 ,     498704 ,   897 ,        0 , 798 ,         0
   1000 ,     499500 ,   898 ,        0 , 799 ,         0
   1000 ,     498702 ,   898 ,        0 , 800 ,         0
   1000 ,     499500 ,   899 ,        0 , 801 ,         0
   1000 ,     498700 ,   899 ,        0 , 802 ,         0
   1000 ,     499500 ,   900 ,        0 , 803 ,         0
   1000 ,     498698 ,   900 ,        0 , 804 ,         0
   1000 ,     499500 ,   901 ,        0 , 805 ,         0
   1000 ,     498696 ,   901 ,        0 , 806 ,         0
   1000 ,     499500 ,   902 ,        0 , 807 ,         0
   1000 ,     498694 ,   902 ,        0 , 808 ,         0
   1000 ,     499500 ,   903 ,        0 , 809 ,         0
   1000 ,     498692 ,   903 ,        0 , 810 ,         0
   1000 ,     499500 ,   904 ,        0 , 811 ,         0
   1000 ,     498690 ,   904 ,        0 , 812 ,         0
   1000 ,     499500 ,   905 ,        0 , 813 ,         0
   1000 ,     498688 ,   905 ,        0 , 814 ,         0
   1000 ,     499500 ,   906 ,        0 , 815 ,         0
   1000 ,     498686 ,   906 ,        0 , 816 ,         0
   1000 ,     499500 ,   907 ,        0 , 817 ,         0
   1000 ,     498684 ,   907 ,        0 , 818 ,         0
   1000 ,     499500 ,   908 ,        0 , 819 ,         0
   1000 ,     498682 ,   908 ,        0 , 820 ,         0
   1000 ,     499500 ,   909 ,        0 , 821 ,         0
   1000 ,     498680 ,   909 ,        0 , 822 ,         0
   1000 ,     499500 ,   910 ,        0 , 823 ,         0
   1000 ,     498678 ,   910 ,        0 , 824 ,         0
   1000 ,     499500 ,   911 ,        0 , 825 ,         0
   1000 ,     498676 ,   911 ,        0 , 826 ,         0
   1000 ,     499500 ,   912 ,        0 , 827 ,         0
   1000 ,     498674 ,   912 ,        0 , 828 ,         0
   1000 ,     499500 ,   913 ,        0 , 829 ,         0
   1000 ,     498672 ,   913 ,        0 , 830 ,         0
   1000 ,     499500 ,   914 ,        0 , 831 ,         0
   1000 ,     498670 ,   914 ,        0 , 832 ,         0
   1000 ,     499500 ,   915 ,        0 , 833 ,         0
   1000 ,     498668 ,   915 ,        0 , 834 ,         0
   1000 ,     499500 ,   916 ,        0 , 835 ,         0
   1000 ,     498666 ,   916 ,        0 , 836 ,         0
   1000 ,     499500 ,   917 ,        0 , 837 ,         0
   1000 ,     498664 ,   917 ,        0 , 838 ,         0
   1000 ,     499500 ,   918 ,        0 , 839 ,         0
   1000 ,     498662 ,   918 ,        0 , 840 ,         0
   1000 ,     499500 ,   919 ,        0 , 841 ,         0
   1000 ,     498660 ,   919 ,        0 , 842 ,         0
   1000 ,     499500 ,   920 ,        0 , 843 ,         0
   1000 ,     498658 ,   920 ,        0 , 844 ,         0
   1000 ,     499500 ,   921 ,        0 , 845 ,         0
   1000 ,     498656 ,   921 ,        0 , 846 ,         0
   1000 ,     499500 ,   922 ,        0 , 847 ,         0
   1000 ,     498654 ,   922 ,        0 , 848 ,         0
   1000 ,     499500 ,   923 ,        0 , 849 ,         0
   1000 ,     498652 ,   923 ,        0 , 850 ,         0
   1000 ,     499500 ,   924 ,        0 , 851 ,         0
   1000 ,     498650 ,   924 ,        0 , 852 ,         0
   1000 ,     499500 ,   925 ,        0 , 853 ,         0
   1000 ,     498648 ,   925 ,        0 , 854 ,         0
   1000 ,     499500 ,   926 ,        0 , 855 ,         0
   1000 ,     498646 ,   926 ,        0 , 856 ,         0
   1000 ,     499500 ,   927 ,        0 , 857 ,         0
   1000 ,     498644 ,   927 ,        0 , 858 ,         0
   1000 ,     499500 ,   928 ,        0 , 859 ,         0
   1000 ,     498642 ,   928 ,        0 , 860 ,         0
   1000 ,     499500 ,   929 ,        0 , 861 ,         0
   1000 ,     498640 ,   929 ,        0 , 862 ,         0
   1000 ,     499500 ,   930 ,        0 , 863 ,         0
   1000 ,     498638 ,   930 ,        0 , 864 ,         1
   1000 ,     499500 ,   931 ,        0 , 865 ,         0
   1000 ,     498636 ,   931 ,        0 , 866 ,         0
   1000 ,     499500 ,   932 ,        0 , 867 ,         0
   1000 ,     498634 ,   932 ,        0 , 868 ,         0
   1000 ,     499500 ,   933 ,        0 , 869 ,         0
   1000 ,     498632 ,   933 ,        0 , 870 ,         0
   1000 ,     499500 ,   934 ,        0 , 871 ,         0
   1000 ,     498630 ,   934 ,        0 , 872 ,         0
   1000 ,     499500 ,   935 ,        0 , 873 ,         0
   1000 ,     498628 ,   935 ,        0 , 874 ,         0
   1000 ,     499500 ,   936 ,        0 , 875 ,         0
   1000 ,     498626 ,   936 ,        0 , 876 ,         0
   1000 ,     499500 ,   937 ,        0 , 877 ,         0
   1000 ,     498624 ,   937 ,        0 , 878 ,         0
   1000 ,     499500 ,   938 ,        0 , 879 ,         0
   1000 ,     498622 ,   938 ,        0 , 880 ,         0
   1000 ,     499500 ,   939 ,        0 , 881 ,         0
   1000 ,     498620 ,   939 ,        0 , 882 ,         0
   1000 ,     499500 ,   940 ,        0 , 883 ,         0
   1000 ,     498618 ,   940 ,        0 , 884 ,         0
   1000 ,     499500 ,   941 ,        0 , 885 ,         0
   1000 ,     498616 ,   941 ,        0 , 886 ,         0
   1000 ,     499500 ,   942 ,        0 , 887 ,         0
   1000 ,     498614 ,   942 ,        0 , 888 ,         0
   1000 ,     499500 ,   943 ,        0 , 889 ,         0
   1000 ,     498612 ,   943 ,        0 , 890 ,         0
   1000 ,     499500 ,   944 ,        0 , 891 ,         0
   1000 ,     498610 ,   944 ,        0 , 892 ,         0
   1000 ,     499500 ,   945 ,        0 , 893 ,         0
   1000 ,     498608 ,   945 ,        0 , 894 ,         0
   1000 ,     499500 ,   946 ,        0 , 895 ,         0
   1000 ,     498606 ,   946 ,        0 , 896 ,         1
   1000 ,     499500 ,   947 ,        0 , 897 ,         1
   1000 ,     498604 ,   947 ,        0 , 898 ,         0
   1000 ,     499500 ,   948 ,        0 , 899 ,         0
   1000 ,     498602 ,   948 ,        0 , 900 ,         0
   1000 ,     499500 ,   949 ,        0 , 901 ,         0
   1000 ,     498600 ,   949 ,        0 , 902 ,         0
   1000 ,     499500 ,   950 ,        0 , 903 ,         0
   1000 ,     498598 ,   950 ,        0 , 904 ,         0
   1000 ,     499500 ,   951 ,        0 , 905 ,         0
   1000 ,     498596 ,   951 ,        0 , 906 ,         0
   1000 ,     499500 ,   952 ,        0 , 907 ,         0
   1000 ,     498594 ,   952 ,        0 , 908 ,         0
   1000 ,     499500 ,   953 ,        0 , 909 ,         0
   1000 ,     498592 ,   953 ,        0 , 910 ,         0
   1000 ,     499500 ,   954 ,        0 , 911 ,         0
   1000 ,     498590 ,   954 ,        0 , 912 ,         1
   1000 ,     499500 ,   955 ,        0 , 913 ,         0
   1000 ,     498588 ,   955 ,        0 , 914 ,         0
   1000 ,     499500 ,   956 ,        0 , 915 ,         0
   1000 ,     498586 ,   956 ,        0 , 916 ,         0
   1000 ,     499500 ,   957 ,        0 , 917 ,         0
   1000 ,     498584 ,   957 ,        0 , 918 ,         0
   1000 ,     499500 ,   958 ,        0 , 919 ,         0
   1000 ,     498582 ,   958 ,        0 , 920 ,         0
   1000 ,     499500 ,   959 ,        0 , 921 ,         0
   1000 ,     498580 ,   959 ,        0 , 922 ,         0
   1000 ,     499500 ,   960 ,        0 , 923 ,         0
   1000 ,     498578 ,   960 ,        0 , 924 ,         0
   1000 ,     499500 ,   961 ,        0 , 925 ,         0
   1000 ,     498576 ,   961 ,        0 , 926 ,         0
   1000 ,     499500 ,   962 ,        0 , 927 ,         0
   1000 ,     498574 ,   962 ,        0 , 928 ,         0
   1000 ,     499500 ,   963 ,        0 , 929 ,         0
   1000 ,     498572 ,   963 ,        0 , 930 ,         1
   1000 ,     499500 ,   964 ,        0 , 931 ,         0
   1000 ,     498570 ,   964 ,        0 , 932 ,         0
   1000 ,     499500 ,   965 ,        0 , 933 ,         0
   1000 ,     498568 ,   965 ,        0 , 934 ,         0
   1000 ,     499500 ,   966 ,        0 , 935 ,         0
   1000 ,     498566 ,   966 ,        0 , 936 ,         0
   1000 ,     499500 ,   967 ,        0 , 937 ,         0
   1000 ,     498564 ,   967 ,        0 , 938 ,         0
   1000 ,     499500 ,   968 ,        0 , 939 ,         0
   1000 ,     498562 ,   968 ,        0 , 940 ,         0
   1000 ,     499500 ,   969 ,        0 , 941 ,         0
   1000 ,     498560 ,   969 ,        0 , 942 ,         0
   1000 ,     499500 ,   970 ,        0 , 943 ,         0
   1000 ,     498558 ,   970 ,        0 , 944 ,         0
   1000 ,     499500 ,   971 ,        0 , 945 ,         0
   1000 ,     498556 ,   971 ,        0 , 946 ,         0
   1000 ,     499500 ,   972 ,        0 , 947 ,         0
   1000 ,     498554 ,   972 ,        0 , 948 ,         0
   1000 ,     499500 ,   973 ,        0 , 949 ,         0
   1000 ,     498552 ,   973 ,        0 , 950 ,         0
   1000 ,     499500 ,   974 ,        0 , 951 ,         0
   1000 ,     498550 ,   974 ,        0 , 952 ,         0
   1000 ,     499500 ,   975 ,        0 , 953 ,         0
   1000 ,     498548 ,   975 ,        0 , 954 ,         0
   1000 ,     499500 ,   976 ,        0 , 955 ,         0
   1000 ,     498546 ,   976 ,        0 , 956 ,         0
   1000 ,     499500 ,   977 ,        0 , 957 ,         0
   1000 ,     498544 ,   977 ,        0 , 958 ,         0
   1000 ,     499500 ,   978 ,        0 , 959 ,         0
   1000 ,     498542 ,   978 ,        0 , 960 ,         0
   1000 ,     499500 ,   979 ,        0 , 961 ,         0
   1000 ,     498540 ,   979 ,        0 , 962 ,         0
   1000 ,     499500 ,   980 ,        0 , 963 ,         0
   1000 ,     498538 ,   980 ,        0 , 964 ,         0
   1000 ,     499500 ,   981 ,        0 , 965 ,         0
   1000 ,     498536 ,   981 ,        0 , 966 ,         0
   1000 ,     499500 ,   982 ,        0 , 967 ,         0
   1000 ,     498534 ,   982 ,        0 , 968 ,         0
   1000 ,     499500 ,   983 ,        0 , 969 ,         0
   1000 ,     498532 ,   983 ,        0 , 970 ,         0
   1000 ,     499500 ,   984 ,        0 , 971 ,         0
   1000 ,     498530 ,   984 ,        0 , 972 ,         0
   1000 ,     499500 ,   985 ,        0 , 973 ,         0
   1000 ,     498528 ,   985 ,        0 , 974 ,         0
   1000 ,     499500 ,   986 ,        0 , 975 ,         0
   1000 ,     498526 ,   986 ,        0 , 976 ,         0
   1000 ,     499500 ,   987 ,        0 , 977 ,         1
   1000 ,     498524 ,   987 ,        0 , 978 ,         0
   1000 ,     499500 ,   988 ,        0 , 979 ,         0
   1000 ,     498522 ,   988 ,        0 , 980 ,         0
   1000 ,     499500 ,   989 ,        0 , 981 ,         0
   1000 ,     498520 ,   989 ,        0 , 982 ,         0
   1000 ,     499500 ,   990 ,        0 , 983 ,         0
   1000 ,     498518 ,   990 ,        0 , 984 ,         0
   1000 ,     499500 ,   991 ,        0 , 985 ,         0
   1000 ,     498516 ,   991 ,        0 , 986 ,         0
   1000 ,     499500 ,   992 ,        0 , 987 ,         0
   1000 ,     498514 ,   992 ,        0 , 988 ,         1
   1000 ,     499500 ,   993 ,        0 , 989 ,         0
   1000 ,     498512 ,   993 ,        0 , 990 ,         0
   1000 ,     499500 ,   994 ,        0 , 991 ,         0
   1000 ,     498510 ,   994 ,        0 , 992 ,         0
   1000 ,     499500 ,   995 ,        0 , 993 ,         0
   1000 ,     498508 ,   995 ,        0 , 994 ,         0
   1000 ,     499500 ,   996 ,        0 , 995 ,         0
   1000 ,     498506 ,   996 ,        0 , 996 ,         0
   1000 ,     499500 ,   997 ,        0 , 997 ,         1
   1000 ,     498504 ,   997 ,        0 , 998 ,         0
   1000 ,     499500 ,   998 ,        0 , 999 ,         0
   1000 ,     498502 ,   998 ,        0 ,1000 ,         0
